Company,mean,min,max
DIPPED PRODUCTS PLC,11359039.25462467,7189471.023561102,16782466.796893023
RICHARD PIERIS EXPORTS PLC,675966.438136628,619629.5768153779,811029.4653128417
